{
"document":{
"pageListHeight":91,
"componentSidebarTreeStructure":0,
"pageListCollapsed":0
},
"AE4E77C2-7CA5-4E6A-B49E-E20A91DF7ABC":{
"scrollOrigin":"{892, 661}",
"zoomValue":1.182291666666667
},
"88092737-747F-4C8A-A68E-9BC3DAA462B1":{
"scrollOrigin":"{-13654, -1790}",
"zoomValue":1.2486323782646
}
}