{
"88092737-747F-4C8A-A68E-9BC3DAA462B1":{
"scrollOrigin":"{-5901, -2387}",
"zoomValue":0.7923956192714076
},
"AE4E77C2-7CA5-4E6A-B49E-E20A91DF7ABC":{
"scrollOrigin":"{892, 661}",
"zoomValue":1.182291666666667
},
"document":{
"componentSidebarTreeStructure":0,
"pageListCollapsed":0,
"pageListHeight":113
}
}